Bedrijfsnaam;Adres;Postcode;Woonplaats;Website
Dekker Advies Bedrijf;Doloremgracht 352;1519 GL;Maastricht;https://www.dekker-advies-bedrijf.com
Financieel Adviesbureau Dijkstra en Zonen;Aliasplein 208;4661 JZ;Deventer;https://www.financieel-adviesbureau-dijkstra-en-zonen.amsterdam
Dijkstra Combinatie;Laborumdijk 190;4038 EQ;Maastricht;https://www.dijkstra-combinatie.nl
Financieel Adviesbureau Jansen V.O.F.;Odiostraat 23;8163 SJ;Nijmegen;http://www.financieel-adviesbureau-jansen-vof.org
Hypotheek Visie Van Leeuwen All-In Groep;Officiadijk 14;9344 RB;Deventer;https://www.hypotheek-visie-van-leeuwen-all-in-groep.com
Hypotheker Mulder;Faceregracht 485;8328 VN;Zwolle;https://www.hypotheker-mulder.nl
Assurantie Beheer Van der Meer en Zonen;Distinctiostraat 136;2425 SO;Dordrecht;https://www.assurantie-beheer-van-der-meer-en-zonen.nl
Hypotheek Visie Van Dijk;Aperiamstraat 224;1289 RG;Deventer;https://www.hypotheek-visie-van-dijk.net
Hypotheek Visie Dekker;Eiushof 372;7258 JC;Arnhem;https://www.hypotheek-visie-dekker.nl
Smit Verzekeringsgroep en Zonen;Eligendiplein 492;2022 WS;Enschede;http://www.smit-verzekeringsgroep-en-zonen.nl
Vos V.O.F.;Namplein 6;9470 HU;Arnhem;https://www.vos-vof.net
Financieel Adviesbureau Visser Verzekeringsgroep NV;Qui Park 329;7611 RS;'s-Hertogenbosch;http://www.financieel-adviesbureau-visser-verzekeringsgroep-nv.com
Hypotheker Visser Invest Combinatie;Mollitiadijk 63;7973 MT;Utrecht;http://www.hypotheker-visser-invest-combinatie.net
Hypotheekshop Vos Consultancy BV;Velitdijk 352;6975 RS;Delft;https://www.hypotheekshop-vos-consultancy-bv.com
De Vries NV;Doloresspoor 409;5471 BA;Haarlem;https://www.de-vries-nv.amsterdam
Assurantie Beheer Van den Berg ;Et Park 123;0871 GT;Venlo;https://www.assurantie-beheer-van-den-berg-.nl
Hypotheker Vos;Ethof 54;7211 RI;Arnhem;http://www.hypotheker-vos.com
Hypotheekshop Van Dijk Invest Bedrijf;Dolorlaan 291;5165 AI;Zaanstad;http://www.hypotheekshop-van-dijk-invest-bedrijf.com
Smits Groep;Doloremstraat 381;9375 BJ;Zaanstad;https://www.smits-groep.net
Assurantie Beheer De Groot Advies en Bemiddeling Bedrijf;Suntdijk 388;7290 MU;Eindhoven;http://www.assurantie-beheer-de-groot-advies-en-bemiddeling-bedrijf.amsterdam
Janssen V.O.F.;Praesentiumstraat 193;3607 PA;Amsterdam;https://www.janssen-vof.com
Hypotheker Meijer V.O.F.;Molestiasspoor 51;9066 DM;Utrecht;https://www.hypotheker-meijer-vof.amsterdam
Hypotheek Visie Van Dijk Krediet V.O.F.;Doloremgracht 406;7380 ZC;Amsterdam;https://www.hypotheek-visie-van-dijk-krediet-vof.org
Assurantie Beheer Vos;Cumquegracht 166;4978 TG;Tilburg;https://www.assurantie-beheer-vos.amsterdam
Financieel Adviesbureau Visser;Evenietgracht 53;5713 GP;Amsterdam;https://www.financieel-adviesbureau-visser.net
Van der Meer Financiën Services en Zonen;Doloresspoor 456;0010 ZX;Almere;https://www.van-der-meer-financiën-services-en-zonen.net
Van Leeuwen BV;Recusandaepark 3;4566 DF;Tilburg;https://www.van-leeuwen-bv.net
De Graaf Groep;Magnipark 419;9028 SL;Den Haag;http://www.de-graaf-groep.org
Assurantie Beheer Bakker Combinatie;Etgracht 306;7044 BO;Apeldoorn;https://www.assurantie-beheer-bakker-combinatie.org
De Jong V.O.F.;Eastraat 414;8995 EQ;Breda;https://www.de-jong-vof.nl
Financieel Adviesbureau De Wit Financiën Services BV;Vitaeweg 37;3616 SE;Arnhem;http://www.financieel-adviesbureau-de-wit-financiën-services-bv.org
Visser Groep;Possimushof 92;2333 JT;Amersfoort;https://www.visser-groep.com
De Jong Verzekeringsgroep en Zonen;Consequunturhof 49;6456 XR;Delft;https://www.de-jong-verzekeringsgroep-en-zonen.com
Van den Berg  V.O.F.;Repudiandaedijk 162;2982 RN;Leiden;https://www.van-den-berg--vof.nl
De Wit Groep;Voluptatesgracht 109;1116 TF;Eindhoven;http://www.de-wit-groep.amsterdam
De Graaf en Zonen;Delectusspoor 499;3030 PJ;Haarlem;https://www.de-graaf-en-zonen.com
Visser en Zonen;Deseruntspoor 469;0135 YN;Maastricht;https://www.visser-en-zonen.com
Hypotheker Bos Financiën Services Combinatie;Excepturidijk 459;6600 SM;Nijmegen;http://www.hypotheker-bos-financiën-services-combinatie.nl
Visser Combinatie;Consecteturpark 246;0247 DO;Deventer;http://www.visser-combinatie.com
Hypotheek Visie Van den Berg  Adviesgroep Bedrijf;Utstraat 466;2618 US;Ede;http://www.hypotheek-visie-van-den-berg--adviesgroep-bedrijf.com
De Vries Combinatie;Quilaan 88;4678 CD;Den Haag;http://www.de-vries-combinatie.org
Janssen en Zonen;Perferendisstraat 303;0855 IN;Eindhoven;https://www.janssen-en-zonen.amsterdam
Dekker Groep;Dictaplein 72;6582 DO;'s-Hertogenbosch;https://www.dekker-groep.amsterdam
Hypotheekshop Van den Berg ;Autpark 51;5115 QW;Leeuwarden;http://www.hypotheekshop-van-den-berg-.net
Mulder All-In en Zonen;Sunthof 112;5223 NT;Emmen;https://www.mulder-all-in-en-zonen.com
Dekker Consultancy en Zonen;Cumquegracht 14;8266 MJ;Zoetermeer;https://www.dekker-consultancy-en-zonen.nl
Assurantie Beheer Vos;Qui Park 228;4216 ER;Leeuwarden;http://www.assurantie-beheer-vos.net
Dekker Groep;Delectushof 53;2291 PB;Maastricht;http://www.dekker-groep.amsterdam
De Groot en Zonen;Utlaan 283;9359 SG;Nijmegen;http://www.de-groot-en-zonen.net
Financieel Adviesbureau De Graaf;Quialaan 139;0816 RZ;Maastricht;http://www.financieel-adviesbureau-de-graaf.net
Van den Berg  Groep;Sintspoor 238;3769 VQ;Dordrecht;http://www.van-den-berg--groep.amsterdam
Hypotheker De Jong Financiele Dienstverlening BV;Consequaturpark 474;2705 ZJ;Enschede;https://www.hypotheker-de-jong-financiele-dienstverlening-bv.com
Hypotheekshop De Groot;Ullamhof 225;7120 LO;Tilburg;https://www.hypotheekshop-de-groot.net
Assurantie Beheer Smit;Autgracht 437;8400 JN;Amsterdam;https://www.assurantie-beheer-smit.org
Van Leeuwen Adviesgroep Groep;Iurespoor 335;8192 OR;Rotterdam;http://www.van-leeuwen-adviesgroep-groep.org
Bakker NV;Dolor Park 470;0640 ID;Nijmegen;https://www.bakker-nv.nl
De Jong Advies en Bemiddeling Groep;Etspoor 106;6667 AP;Alphen aan den Rijn;https://www.de-jong-advies-en-bemiddeling-groep.com
Assurantie Beheer De Jong BV;Doloremquepark 18;1930 QQ;Leiden;https://www.assurantie-beheer-de-jong-bv.org
Meijer BV;Commodidijk 149;3776 MA;Deventer;http://www.meijer-bv.org
De Graaf Combinatie;Necessitatibus Park 309;9628 CG;Deventer;https://www.de-graaf-combinatie.nl
Hypotheker Smits;Astraat 473;4157 RE;Den Haag;https://www.hypotheker-smits.net
Brouwer Groep;Quidemstraat 447;2025 TY;Deventer;http://www.brouwer-groep.net
Hendriks Groep;Dictagracht 178;3385 FY;Venlo;http://www.hendriks-groep.nl
Assurantie Beheer Smit;Rerumpark 388;7693 QL;Venlo;http://www.assurantie-beheer-smit.nl
Van Dijk Finance Groep BV;Quosspoor 120;1107 TM;Alphen aan den Rijn;https://www.van-dijk-finance-groep-bv.com
Financieel Adviesbureau Vos;Porrostraat 332;7602 IS;Leeuwarden;https://www.financieel-adviesbureau-vos.net
Van der Meer BV;Doloresstraat 273;5361 ZP;Emmen;https://www.van-der-meer-bv.nl
De Wit BV;Eosspoor 193;5113 WL;Deventer;http://www.de-wit-bv.amsterdam
Smit Combinatie;Eahof 133;5667 AK;Apeldoorn;http://www.smit-combinatie.net
Van Leeuwen All-In BV;Suntstraat 22;7049 HV;Enschede;http://www.van-leeuwen-all-in-bv.nl
De Jong Advies Groep;Doloreshof 246;5611 OX;Venlo;http://www.de-jong-advies-groep.net
Vos V.O.F.;Nulla Park 323;2832 CB;Zaanstad;http://www.vos-vof.net
Peters Bedrijf;Inventoregracht 478;5572 LS;Rotterdam;https://www.peters-bedrijf.nl
Hypotheek Visie De Jong Groep;Utweg 489;3742 EY;Dordrecht;https://www.hypotheek-visie-de-jong-groep.org
Assurantie Beheer Janssen Financiën Services Combinatie;Estpark 317;3441 KS;Utrecht;http://www.assurantie-beheer-janssen-financiën-services-combinatie.net
Financieel Adviesbureau Peters Finance Groep V.O.F.;Dictaspoor 260;4650 VM;Eindhoven;https://www.financieel-adviesbureau-peters-finance-groep-vof.net
Hypotheek Visie Brouwer Finance Groep Groep;Excepturilaan 341;7301 HE;'s-Hertogenbosch;http://www.hypotheek-visie-brouwer-finance-groep-groep.net
Assurantie Beheer De Jong Financial Coaching Combinatie;Architecto Park 200;8765 BU;Maastricht;http://www.assurantie-beheer-de-jong-financial-coaching-combinatie.net
De Vries Advies Groep;Id Park 181;6103 XK;'s-Hertogenbosch;http://www.de-vries-advies-groep.com
Van Leeuwen Invest Combinatie;Culpa Park 91;8920 WQ;Apeldoorn;http://www.van-leeuwen-invest-combinatie.org
Financieel Adviesbureau Peters;Veldijk 396;5226 SY;Leeuwarden;http://www.financieel-adviesbureau-peters.com
Hypotheek Visie Mulder Verzekeringsgroep NV;Addijk 242;7686 FL;'s-Hertogenbosch;https://www.hypotheek-visie-mulder-verzekeringsgroep-nv.org
Hypotheek Visie Visser;Corruptidijk 209;0569 TQ;Haarlemmermeer;http://www.hypotheek-visie-visser.amsterdam
Jansen Financial Coaching NV;Ut Park 144;8559 TJ;Venlo;https://www.jansen-financial-coaching-nv.net
Hypotheekshop Dijkstra All-In NV;Nonhof 252;8431 XI;Haarlem;http://www.hypotheekshop-dijkstra-all-in-nv.com
Financieel Adviesbureau Van der Meer;Suntstraat 181;3457 GV;Amsterdam;http://www.financieel-adviesbureau-van-der-meer.amsterdam
Bos Financiën Services V.O.F.;Architectospoor 445;9952 ZQ;Den Haag;http://www.bos-financiën-services-vof.nl
Van der Meer Invest Groep;Providentspoor 68;9343 GA;Groningen;http://www.van-der-meer-invest-groep.com
De Jong Bedrijf;Quidijk 247;3755 SP;Alphen aan den Rijn;http://www.de-jong-bedrijf.amsterdam
Hypotheek Visie De Groot en Zonen;Suntspoor 470;6312 SE;Maastricht;http://www.hypotheek-visie-de-groot-en-zonen.amsterdam
Meijer BV;Remplein 52;0438 RK;Alphen aan den Rijn;https://www.meijer-bv.org
Assurantie Beheer Meijer Groep;Nullaweg 484;7027 SS;Delft;http://www.assurantie-beheer-meijer-groep.com
Van den Berg  NV;Quisstraat 386;5335 SC;Nijmegen;https://www.van-den-berg--nv.com
Smits NV;Aperiamstraat 24;1458 NN;Leiden;http://www.smits-nv.nl
Assurantie Beheer De Groot Financiën Services en Zonen;Evenietpark 48;2771 LS;Arnhem;http://www.assurantie-beheer-de-groot-financiën-services-en-zonen.amsterdam
Hypotheker Bakker BV;Nihilstraat 39;4078 RM;Amersfoort;https://www.hypotheker-bakker-bv.amsterdam
Bos V.O.F.;Voluptatemhof 298;2975 PU;Arnhem;http://www.bos-vof.nl
De Jong Groep;Etgracht 178;5005 SA;Maastricht;http://www.de-jong-groep.com
Financieel Adviesbureau Van Dijk Combinatie;Ipsumhof 259;6814 OG;Breda;https://www.financieel-adviesbureau-van-dijk-combinatie.nl
Van der Meer Groep;Consequaturplein 157;6628 TK;Nijmegen;https://www.van-der-meer-groep.com
